[
    {
        "name1": "John Doe",
        "message": "Lorem ipsum dolor sit amet, consectetuer adipiscing elit",
        "time": "13:14"
    },
    {
        "name": "Envato Account",
        "message": "Important account security update from Envato",
        "time": "8:42"
    },
    {
        "name": "Twitter",
        "message": "HRMS Bootstrap Admin Template",
        "time": "30 Nov"
    },
    {
        "name": "Richard Parker",
        "message": "Lorem ipsum dolor sit amet, consectetuer adipiscing elit",
        "time": "18 Sep"
    },
    {
        "name": "John Smith",
        "message": "Lorem ipsum dolor sit amet, consectetuer adipiscing elit",
        "time": "21 Aug"
    },
    {
        "name": "me, Robert Smith (3)",
        "message": "Lorem ipsum dolor sit amet, consectetuer adipiscing elit",
        "time": "13:14"
    },
    {
        "name": "Codecanyon",
        "message": "Welcome To Codecanyon",
        "time": "Jul 13"
    },
    {
        "name": "Richard Miles",
        "message": "Lorem ipsum dolor sit amet, consectetuer adipiscing elit",
        "time": "May 14"
    },
    {
        "name": "John Smith",
        "message": "Lorem ipsum dolor sit amet, consectetuer adipiscing elit",
        "time": "11/11/16"
    },
    {
        "name": "Mike Litorus",
        "message": "Lorem ipsum dolor sit amet, consectetuer adipiscing elit",
        "time": "10/31/16"
    }
]