[{
    "message": "Lorem ipsum dolor sit amet, consectetur adipiscing",
    "author": "Mike Litorus",
    "time": "4 mins ago"
}, {
    "message": "Lorem ipsum dolor sit amet, consectetur adipiscing",
    "author": "Mike Litorus",
    "time": "1 hour ago"
},
{
    "message": "Lorem ipsum dolor sit amet, consectetur adipiscing",
    "author": "Mike Litorus",
    "time": "4 mins ago"
}, {
    "message": "Lorem ipsum dolor sit amet, consectetur adipiscing",
    "author": "Mike Litorus",
    "time": "1 hour ago"
},
{
    "message": "Lorem ipsum dolor sit amet, consectetur adipiscing",
    "author": "Mike Litorus",
    "time": "4 mins ago"
}, {
    "message": "Lorem ipsum dolor sit amet, consectetur adipiscing",
    "author": "Mike Litorus",
    "time": "1 hour ago"
}]