[{
    "message": "Patient appointment booking",
    "author": "John Doe",
    "function": "added new task",
    "time": "4 mins ago"
}, {
    "message": "Patient appointment booking",
    "author": "John Doe",
    "function": "added new task",
    "time": "1 hour ago"
},
{
    "message": "Patient appointment booking",
    "author": "John Doe",
    "function": "added new task",
    "time": "4 mins ago"
}, {
    "message": "Patient appointment booking",
    "author": "John Doe",
    "function": "added new task",
    "time": "1 hour ago"
},
{
    "message": "Patient appointment booking",
    "author": "John Doe",
    "function": "added new task",
    "time": "4 mins ago"
}, {
    "message": "Patient appointment booking",
    "author": "John Doe",
    "function": "added new task",
    "time": "1 hour ago"
}]